<?xml version="1.0" encoding="UTF-8"?>
<cols>
<col iid="1" name="政务资讯" userid="2" type="2" firstpicshow="1" pid="" pname="" audittype="2" limittime="" infotype="1" firstpictype="1" infotitle="" firstpicpath="/web/site1/col/1/firstpic.jpg" backpicpath="" iconpath="/web/site1/col/1/icon.png" enable="1" spec="政务资讯备注说明" actid="" acttype="1" actshowtype="0" acturl="" actinterfaceurl="" actmobilepic="" actipadpic="" actxmlpath="" blogtype="" nickname="" flag="0" imguuid="" synperiod="100" starttime="2013-11-20 18:16:53.0" isjsearch="" isparent="false" colrelationiid="">
<col iid="2" name="工作动态" userid="2" type="2" firstpicshow="1" pid="1" pname="政务资讯" audittype="1" limittime="" infotype="1" firstpictype="1" infotitle="" firstpicpath="/web/site1/col/2/firstpic.jpg" backpicpath="" iconpath="/web/site1/col/2/icon.png" enable="1" spec="工作动态" actid="" acttype="1" actshowtype="0" acturl="" actinterfaceurl="" actmobilepic="" actipadpic="" actxmlpath="" blogtype="" nickname="" flag="0" imguuid="" synperiod="200" starttime="2013-11-21 18:24:21.0" isjsearch="" isparent="false" colrelationiid=""></col>
</col>
<col iid="3" name="信息公开" userid="2" type="1" firstpicshow="1" pid="" pname="" audittype="2" limittime="" infotype="2" firstpictype="1" infotitle="" firstpicpath="/web/site1/col/3/firstpic.jpg" backpicpath="/web/site1/col/3/backpic.jpg" iconpath="/web/site1/col/3/icon.png" enable="1" spec="信息公开备注" actid="" acttype="1" actshowtype="0" acturl="" actinterfaceurl="" actmobilepic="" actipadpic="" actxmlpath="" blogtype="" nickname="" flag="0" imguuid="" synperiod="300" starttime="2013-11-21 18:25:14.0" isjsearch="" isparent="false" colrelationiid="">
<col iid="4" name="信息公开子栏目" userid="2" type="1" firstpicshow="1" pid="3" pname="信息公开" audittype="3" limittime="100" infotype="1" firstpictype="1" infotitle="" firstpicpath="/web/site1/col/4/firstpic.jpg" backpicpath="/web/site1/col/4/backpic.jpg" iconpath="/web/site1/col/4/icon.png" enable="1" spec="" actid="" acttype="1" actshowtype="0" acturl="" actinterfaceurl="" actmobilepic="" actipadpic="" actxmlpath="" blogtype="" nickname="" flag="0" imguuid="" synperiod="400" starttime="2013-11-21 18:26:19.0" isjsearch="" isparent="false" colrelationiid=""></col>
</col>
<col iid="5" name="互动栏目" userid="2" type="3" firstpicshow="1" pid="" pname="" audittype="2" limittime="" infotype="1" firstpictype="1" infotitle="" firstpicpath="/web/site1/col/5/firstpic.jpg" backpicpath="" iconpath="/web/site1/col/5/icon.png" enable="1" spec="互动备注" actid="actid0000123" acttype="1" actshowtype="0" acturl="http://localhost:8080/act" actinterfaceurl="http://localhost:8080/interface" actmobilepic="/web/site1/col/5/mobilepic.jpg" actipadpic="/web/site1/col/5/ipadpic.jpg" actxmlpath="/web/site1/col/5/config.xml" blogtype="" nickname="" flag="0" imguuid="" synperiod="" starttime="" isjsearch="" isparent="false" colrelationiid=""></col>
<col iid="6" name="官方微博" userid="2" type="4" firstpicshow="1" pid="" pname="" audittype="2" limittime="" infotype="1" firstpictype="1" infotitle="" firstpicpath="/web/site1/col/6/firstpic.jpg" backpicpath="" iconpath="/web/site1/col/6/icon.png" enable="1" spec="官方微博" actid="" acttype="1" actshowtype="0" acturl="" actinterfaceurl="" actmobilepic="" actipadpic="" actxmlpath="" blogtype="" nickname="" flag="0" imguuid="" synperiod="" starttime="" isjsearch="" isparent="false" colrelationiid=""></col>
<col iid="7" name="单信息栏目" userid="2" type="5" firstpicshow="1" pid="" pname="" audittype="2" limittime="" infotype="1" firstpictype="1" infotitle="" firstpicpath="/web/site1/col/7/firstpic.jpg" backpicpath="" iconpath="/web/site1/col/7/icon.png" enable="1" spec="单信息" actid="" acttype="1" actshowtype="0" acturl="" actinterfaceurl="" actmobilepic="" actipadpic="" actxmlpath="" blogtype="" nickname="" flag="0" imguuid="" synperiod="" starttime="" isjsearch="" isparent="false" colrelationiid=""></col>
<col iid="8" name="微博群类" userid="2" type="6" firstpicshow="1" pid="" pname="" audittype="2" limittime="" infotype="1" firstpictype="1" infotitle="" firstpicpath="/web/site1/col/8/firstpic.jpg" backpicpath="" iconpath="/web/site1/col/8/icon.png" enable="1" spec="微博群" actid="" acttype="1" actshowtype="0" acturl="" actinterfaceurl="" actmobilepic="" actipadpic="" actxmlpath="" blogtype="1" nickname="昵称" flag="0" imguuid="" synperiod="" starttime="" isjsearch="" isparent="false" colrelationiid=""></col>
<col iid="9" name="街景导航" userid="2" type="7" firstpicshow="1" pid="" pname="" audittype="2" limittime="" infotype="1" firstpictype="1" infotitle="" firstpicpath="/web/site1/col/9/firstpic.jpg" backpicpath="" iconpath="/web/site1/col/9/icon.png" enable="1" spec="街景导航" actid="" acttype="1" actshowtype="0" acturl="" actinterfaceurl="" actmobilepic="" actipadpic="" actxmlpath="" blogtype="" nickname="" flag="0" imguuid="" synperiod="" starttime="" isjsearch="" isparent="false" colrelationiid=""></col>
</cols>